id;email;password;created_at
1;Maud_Kulas60@yahoo.com;uplift;2024-05-10T01:21:18
2;Hester_Runolfsdottir11@yahoo.com;palatalise unaccountably tights;2024-05-09T16:42:43
3;Kenyatta35@hotmail.com;ew colorfully footage;2024-05-09T12:46:47
4;Alyson_Hudson@gmail.com;yet hog;2024-05-10T08:28:47
5;Jarred69@hotmail.com;anti concerning;2024-05-09T21:21:03
6;Eleanore_Bashirian@hotmail.com;beside;2024-05-10T04:58:41
7;Rick_Towne@hotmail.com;chew edge spicy;2024-05-09T21:42:44
8;Helen76@gmail.com;quiver gee;2024-05-09T11:12:56
9;Vladimir_Klein23@hotmail.com;galley cheap growling;2024-05-09T23:45:35
10;Jennings.Douglas64@yahoo.com;even yum;2024-05-09T18:18:44
