id;first_name;second_name;gender;date_of_birth
1;Muriel;far budget dependent;smoothly;2024-05-09T16:33:23
2;Deborah;wasp apropos;that;2024-05-10T04:23:50
3;Shany;knavishly helpfully;finally abaft soup;2024-05-10T03:13:33
4;Deborah;elope;meh eek;2024-05-10T03:02:53
5;Kiera;censure;wedge sentimentalize fooey;2024-05-09T09:53:21
6;Rudy;since;kiddingly considering admired;2024-05-10T00:50:15
7;Ahmad;epauliere woot;how;2024-05-10T08:57:04
8;Frieda;modulo rick with;gadzooks;2024-05-10T03:23:40
9;Gunnar;scenario;hmph calmly loads;2024-05-09T14:22:04
10;Ivory;ha before wherever;necklace while till;2024-05-09T17:29:32
